trial_id,block_id,trial_in_block,condition,trial_type,stimulus_color,response_required,isi_sec,led_duration_sec,voltage_on,notes
1,1,1,no_stimulus,practice,none,n/a,4.918,0.0,0.0,practice: no_stimulus
2,1,2,no_stimulus,practice,none,n/a,3.075,0.0,0.0,
3,1,3,no_stimulus,practice,none,n/a,3.825,0.0,0.0,
4,1,4,no_stimulus,practice,none,n/a,3.67,0.0,0.0,
5,1,5,no_stimulus,practice,none,n/a,5.209,0.0,0.0,
6,1,6,no_stimulus,practice,none,n/a,5.03,0.0,0.0,
7,1,7,no_stimulus,practice,none,n/a,5.677,0.0,0.0,
8,1,8,no_stimulus,practice,none,n/a,3.261,0.0,0.0,
9,1,9,no_stimulus,practice,none,n/a,4.266,0.0,0.0,
10,1,10,no_stimulus,practice,none,n/a,3.089,0.0,0.0,
11,2,1,no_stimulus,main,none,n/a,3.656,0.0,0.0,main: no_stimulus
12,2,2,no_stimulus,main,none,n/a,4.516,0.0,0.0,
13,2,3,no_stimulus,main,none,n/a,3.08,0.0,0.0,
14,2,4,no_stimulus,main,none,n/a,3.597,0.0,0.0,
15,2,5,no_stimulus,main,none,n/a,4.95,0.0,0.0,
16,2,6,no_stimulus,main,none,n/a,4.635,0.0,0.0,
17,2,7,no_stimulus,main,none,n/a,3.661,0.0,0.0,
18,2,8,no_stimulus,main,none,n/a,4.768,0.0,0.0,
19,2,9,no_stimulus,main,none,n/a,5.428,0.0,0.0,
20,2,10,no_stimulus,main,none,n/a,3.019,0.0,0.0,
21,2,11,no_stimulus,main,none,n/a,5.417,0.0,0.0,
22,2,12,no_stimulus,main,none,n/a,5.094,0.0,0.0,
23,2,13,no_stimulus,main,none,n/a,4.021,0.0,0.0,
24,2,14,no_stimulus,main,none,n/a,3.466,0.0,0.0,
25,2,15,no_stimulus,main,none,n/a,5.872,0.0,0.0,
26,2,16,no_stimulus,main,none,n/a,4.01,0.0,0.0,
27,2,17,no_stimulus,main,none,n/a,3.278,0.0,0.0,
28,2,18,no_stimulus,main,none,n/a,3.29,0.0,0.0,
29,2,19,no_stimulus,main,none,n/a,5.542,0.0,0.0,
30,2,20,no_stimulus,main,none,n/a,4.811,0.0,0.0,
31,2,21,no_stimulus,main,none,n/a,5.421,0.0,0.0,
32,2,22,no_stimulus,main,none,n/a,5.189,0.0,0.0,
33,2,23,no_stimulus,main,none,n/a,4.609,0.0,0.0,
34,2,24,no_stimulus,main,none,n/a,5.919,0.0,0.0,
35,2,25,no_stimulus,main,none,n/a,4.136,0.0,0.0,
36,2,26,no_stimulus,main,none,n/a,4.656,0.0,0.0,
37,2,27,no_stimulus,main,none,n/a,5.488,0.0,0.0,
38,2,28,no_stimulus,main,none,n/a,4.856,0.0,0.0,
39,2,29,no_stimulus,main,none,n/a,5.585,0.0,0.0,
40,2,30,no_stimulus,main,none,n/a,4.732,0.0,0.0,
41,3,1,simple_reaction,practice,white,go,5.114,0.15,5.0,practice: simple_reaction
42,3,2,simple_reaction,practice,white,go,3.137,0.15,5.0,
43,3,3,simple_reaction,practice,white,go,3.684,0.15,5.0,
44,3,4,simple_reaction,practice,white,go,3.868,0.15,5.0,
45,3,5,simple_reaction,practice,white,go,3.239,0.15,5.0,
46,3,6,simple_reaction,practice,white,go,3.698,0.15,5.0,
47,3,7,simple_reaction,practice,white,go,3.303,0.15,5.0,
48,3,8,simple_reaction,practice,white,go,3.834,0.15,5.0,
49,3,9,simple_reaction,practice,white,go,4.907,0.15,5.0,
50,3,10,simple_reaction,practice,white,go,4.094,0.15,5.0,
51,4,1,simple_reaction,main,white,go,4.111,0.15,5.0,main: simple_reaction
52,4,2,simple_reaction,main,white,go,3.629,0.15,5.0,
53,4,3,simple_reaction,main,white,go,3.801,0.15,5.0,
54,4,4,simple_reaction,main,white,go,5.81,0.15,5.0,
55,4,5,simple_reaction,main,white,go,4.944,0.15,5.0,
56,4,6,simple_reaction,main,white,go,4.827,0.15,5.0,
57,4,7,simple_reaction,main,white,go,3.513,0.15,5.0,
58,4,8,simple_reaction,main,white,go,5.187,0.15,5.0,
59,4,9,simple_reaction,main,white,go,3.49,0.15,5.0,
60,4,10,simple_reaction,main,white,go,4.138,0.15,5.0,
61,4,11,simple_reaction,main,white,go,5.969,0.15,5.0,
62,4,12,simple_reaction,main,white,go,4.92,0.15,5.0,
63,4,13,simple_reaction,main,white,go,4.671,0.15,5.0,
64,4,14,simple_reaction,main,white,go,5.054,0.15,5.0,
65,4,15,simple_reaction,main,white,go,5.529,0.15,5.0,
66,4,16,simple_reaction,main,white,go,5.328,0.15,5.0,
67,4,17,simple_reaction,main,white,go,3.687,0.15,5.0,
68,4,18,simple_reaction,main,white,go,3.096,0.15,5.0,
69,4,19,simple_reaction,main,white,go,3.946,0.15,5.0,
70,4,20,simple_reaction,main,white,go,3.803,0.15,5.0,
71,4,21,simple_reaction,main,white,go,3.633,0.15,5.0,
72,4,22,simple_reaction,main,white,go,5.829,0.15,5.0,
73,4,23,simple_reaction,main,white,go,5.629,0.15,5.0,
74,4,24,simple_reaction,main,white,go,3.944,0.15,5.0,
75,4,25,simple_reaction,main,white,go,4.966,0.15,5.0,
76,4,26,simple_reaction,main,white,go,4.187,0.15,5.0,
77,4,27,simple_reaction,main,white,go,5.744,0.15,5.0,
78,4,28,simple_reaction,main,white,go,4.377,0.15,5.0,
79,4,29,simple_reaction,main,white,go,3.795,0.15,5.0,
80,4,30,simple_reaction,main,white,go,3.74,0.15,5.0,
81,4,31,simple_reaction,main,white,go,4.684,0.15,5.0,
82,4,32,simple_reaction,main,white,go,3.788,0.15,5.0,
83,4,33,simple_reaction,main,white,go,4.754,0.15,5.0,
84,4,34,simple_reaction,main,white,go,5.693,0.15,5.0,
85,4,35,simple_reaction,main,white,go,4.198,0.15,5.0,
86,4,36,simple_reaction,main,white,go,3.658,0.15,5.0,
87,4,37,simple_reaction,main,white,go,5.993,0.15,5.0,
88,4,38,simple_reaction,main,white,go,4.529,0.15,5.0,
89,4,39,simple_reaction,main,white,go,3.273,0.15,5.0,
90,4,40,simple_reaction,main,white,go,3.141,0.15,5.0,
91,4,41,simple_reaction,main,white,go,3.329,0.15,5.0,
92,4,42,simple_reaction,main,white,go,4.882,0.15,5.0,
93,4,43,simple_reaction,main,white,go,5.376,0.15,5.0,
94,4,44,simple_reaction,main,white,go,4.266,0.15,5.0,
95,4,45,simple_reaction,main,white,go,3.191,0.15,5.0,
96,4,46,simple_reaction,main,white,go,4.145,0.15,5.0,
97,4,47,simple_reaction,main,white,go,5.988,0.15,5.0,
98,4,48,simple_reaction,main,white,go,4.587,0.15,5.0,
99,4,49,simple_reaction,main,white,go,5.913,0.15,5.0,
100,4,50,simple_reaction,main,white,go,5.582,0.15,5.0,
101,5,1,go_nogo,practice,green,go,5.861,0.15,5.0,practice: go_nogo
102,5,2,go_nogo,practice,green,go,5.628,0.15,5.0,
103,5,3,go_nogo,practice,green,go,3.79,0.15,5.0,
104,5,4,go_nogo,practice,red,nogo,4.502,0.15,5.0,
105,5,5,go_nogo,practice,green,go,3.536,0.15,5.0,
106,5,6,go_nogo,practice,green,go,5.738,0.15,5.0,
107,5,7,go_nogo,practice,red,nogo,5.612,0.15,5.0,
108,5,8,go_nogo,practice,green,go,3.895,0.15,5.0,
109,5,9,go_nogo,practice,green,go,4.917,0.15,5.0,
110,5,10,go_nogo,practice,green,go,4.827,0.15,5.0,
111,5,11,go_nogo,practice,red,nogo,3.459,0.15,5.0,
112,5,12,go_nogo,practice,green,go,5.288,0.15,5.0,
113,5,13,go_nogo,practice,red,nogo,4.618,0.15,5.0,
114,5,14,go_nogo,practice,red,nogo,5.336,0.15,5.0,
115,5,15,go_nogo,practice,green,go,4.591,0.15,5.0,
116,6,1,go_nogo,main,green,go,4.977,0.15,5.0,main: go_nogo
117,6,2,go_nogo,main,green,go,4.063,0.15,5.0,
118,6,3,go_nogo,main,green,go,4.233,0.15,5.0,
119,6,4,go_nogo,main,red,nogo,5.592,0.15,5.0,
120,6,5,go_nogo,main,green,go,3.163,0.15,5.0,
121,6,6,go_nogo,main,green,go,4.96,0.15,5.0,
122,6,7,go_nogo,main,green,go,4.939,0.15,5.0,
123,6,8,go_nogo,main,green,go,3.182,0.15,5.0,
124,6,9,go_nogo,main,green,go,5.185,0.15,5.0,
125,6,10,go_nogo,main,green,go,5.402,0.15,5.0,
126,6,11,go_nogo,main,green,go,3.328,0.15,5.0,
127,6,12,go_nogo,main,green,go,3.575,0.15,5.0,
128,6,13,go_nogo,main,green,go,4.609,0.15,5.0,
129,6,14,go_nogo,main,red,nogo,3.421,0.15,5.0,
130,6,15,go_nogo,main,green,go,3.55,0.15,5.0,
131,6,16,go_nogo,main,green,go,4.388,0.15,5.0,
132,6,17,go_nogo,main,red,nogo,5.623,0.15,5.0,
133,6,18,go_nogo,main,green,go,3.226,0.15,5.0,
134,6,19,go_nogo,main,red,nogo,5.424,0.15,5.0,
135,6,20,go_nogo,main,green,go,5.568,0.15,5.0,
136,6,21,go_nogo,main,red,nogo,3.294,0.15,5.0,
137,6,22,go_nogo,main,green,go,4.956,0.15,5.0,
138,6,23,go_nogo,main,green,go,4.622,0.15,5.0,
139,6,24,go_nogo,main,green,go,3.044,0.15,5.0,
140,6,25,go_nogo,main,green,go,3.28,0.15,5.0,
141,6,26,go_nogo,main,green,go,5.261,0.15,5.0,
142,6,27,go_nogo,main,green,go,3.709,0.15,5.0,
143,6,28,go_nogo,main,red,nogo,4.219,0.15,5.0,
144,6,29,go_nogo,main,red,nogo,4.444,0.15,5.0,
145,6,30,go_nogo,main,green,go,5.594,0.15,5.0,
146,6,31,go_nogo,main,green,go,5.707,0.15,5.0,
147,6,32,go_nogo,main,red,nogo,3.494,0.15,5.0,
148,6,33,go_nogo,main,green,go,3.006,0.15,5.0,
149,6,34,go_nogo,main,green,go,4.171,0.15,5.0,
150,6,35,go_nogo,main,green,go,5.78,0.15,5.0,
151,6,36,go_nogo,main,red,nogo,5.355,0.15,5.0,
152,6,37,go_nogo,main,green,go,3.856,0.15,5.0,
153,6,38,go_nogo,main,red,nogo,5.09,0.15,5.0,
154,6,39,go_nogo,main,green,go,5.192,0.15,5.0,
155,6,40,go_nogo,main,red,nogo,5.35,0.15,5.0,
156,6,41,go_nogo,main,green,go,4.986,0.15,5.0,
157,6,42,go_nogo,main,green,go,4.46,0.15,5.0,
158,6,43,go_nogo,main,red,nogo,3.57,0.15,5.0,
159,6,44,go_nogo,main,red,nogo,3.653,0.15,5.0,
160,6,45,go_nogo,main,green,go,3.175,0.15,5.0,
161,6,46,go_nogo,main,green,go,5.207,0.15,5.0,
162,6,47,go_nogo,main,green,go,3.183,0.15,5.0,
163,6,48,go_nogo,main,green,go,3.941,0.15,5.0,
164,6,49,go_nogo,main,green,go,3.15,0.15,5.0,
165,6,50,go_nogo,main,red,nogo,4.43,0.15,5.0,
166,6,51,go_nogo,main,green,go,5.758,0.15,5.0,
167,6,52,go_nogo,main,green,go,4.593,0.15,5.0,
168,6,53,go_nogo,main,green,go,3.171,0.15,5.0,
169,6,54,go_nogo,main,green,go,4.523,0.15,5.0,
170,6,55,go_nogo,main,green,go,5.554,0.15,5.0,
171,6,56,go_nogo,main,green,go,3.206,0.15,5.0,
172,6,57,go_nogo,main,green,go,3.204,0.15,5.0,
173,6,58,go_nogo,main,red,nogo,5.585,0.15,5.0,
174,6,59,go_nogo,main,red,nogo,4.211,0.15,5.0,
175,6,60,go_nogo,main,green,go,5.825,0.15,5.0,
176,6,61,go_nogo,main,red,nogo,4.709,0.15,5.0,
177,6,62,go_nogo,main,red,nogo,4.737,0.15,5.0,
178,6,63,go_nogo,main,green,go,3.119,0.15,5.0,
179,6,64,go_nogo,main,red,nogo,3.246,0.15,5.0,
180,6,65,go_nogo,main,green,go,4.972,0.15,5.0,
181,6,66,go_nogo,main,green,go,4.696,0.15,5.0,
182,6,67,go_nogo,main,red,nogo,3.949,0.15,5.0,
183,6,68,go_nogo,main,red,nogo,3.782,0.15,5.0,
184,6,69,go_nogo,main,green,go,5.009,0.15,5.0,
185,6,70,go_nogo,main,red,nogo,3.943,0.15,5.0,
186,6,71,go_nogo,main,green,go,3.797,0.15,5.0,
187,6,72,go_nogo,main,green,go,3.393,0.15,5.0,
188,6,73,go_nogo,main,green,go,4.937,0.15,5.0,
189,6,74,go_nogo,main,green,go,4.372,0.15,5.0,
190,6,75,go_nogo,main,green,go,5.787,0.15,5.0,
191,6,76,go_nogo,main,green,go,5.807,0.15,5.0,
192,6,77,go_nogo,main,red,nogo,3.028,0.15,5.0,
193,6,78,go_nogo,main,green,go,4.863,0.15,5.0,
194,6,79,go_nogo,main,red,nogo,4.689,0.15,5.0,
195,6,80,go_nogo,main,green,go,3.3,0.15,5.0,
