Subject,Condition,Trial,Target,Reason,Recorder,Date
1,free,14,all,測定できていない,加藤,2026-09-28
1,free,15,all,測定できていない,加藤,2026-09-28
1,simple,2,Fz,Fz1 がマイナスになる局面がある,加藤,2026-09-28
2,free,2,Fz,Fz1 がマイナスになる局面がある,加藤,2026-09-28
2,gostop,2,Fz,Fz2 のベースラインがマイナスになっている,加藤,2026-09-28
3,free,3,top,top マーカーを正常に計測できていない可能性が高い,加藤,2026-09-28
3,free,4,top,top マーカーを正常に計測できていない可能性が高い,加藤,2026-09-28
3,free,6,top,top マーカーを正常に計測できていない可能性が高い,加藤,2026-09-28
3,free,7,top,top マーカーを正常に計測できていない可能性が高い,加藤,2026-09-28
3,free,8,top,top マーカーを正常に計測できていない可能性が高い,加藤,2026-09-28
3,free,10,top,top マーカーを正常に計測できていない可能性が高い,加藤,2026-09-28
3,free,11,top,top マーカーを正常に計測できていない可能性が高い,加藤,2026-09-28
3,free,15,top,top マーカーを正常に計測できていない可能性が高い,加藤,2026-09-28
3,simple,2,top,top マーカーを正常に計測できていない可能性が高い,加藤,2026-09-28
3,simple,4,Fz,Fz1 がマイナスになる局面がある,加藤,2026-09-28
3,simple,5,Fz,Fz1 がマイナスになる局面がある,加藤,2026-09-28
3,simple,8,Fz,Fz1 がマイナスになる局面がある,加藤,2026-09-28
3,simple,10,Fz,Fz1 がマイナスになる局面がある,加藤,2026-09-28
3,simple,6,all,top マーカーを正常に計測できていない可能性が高い／Fz1 がマイナスになる局面がある,加藤,2026-09-28
3,simple,12,all,top マーカーを正常に計測できていない可能性が高い／Fz1 がマイナスになる局面がある,加藤,2026-09-28
3,gonogo,4,top,top マーカーを正常に計測できていない,加藤,2026-09-28
3,gonogo,12,top,top マーカーを正常に計測できていない,加藤,2026-09-28
3,gostop,6,top,top マーカーを正常に計測できていない,加藤,2026-09-28
3,gostop,11,top,top マーカーを正常に計測できていない,加藤,2026-09-28
3,gostop,14,top,top マーカーを正常に計測できていない,加藤,2026-09-28
3,gostop,4,all,top マーカーが正常に計測できていない／予測スイングの可能性が高い（キュー約 90 ms 前から Fz2 が上昇し始め、キュー時点で約 300 N）,加藤,2026-09-28
3,gostop,8,all,予測スイングの可能性が高い（キュー時点で Fz2 が約 240 N、RTForce が検出されない）,加藤,2026-09-28
4,free,3,top,top マーカーを正常に計測できていない,加藤,2026-09-28
4,free,5,top,top マーカーを正常に計測できていない,加藤,2026-09-28
4,free,6,top,top マーカーを正常に計測できていない,加藤,2026-09-28
4,free,8,top,top マーカーを正常に計測できていない,加藤,2026-09-28
4,free,11,top,top マーカーを正常に計測できていない,加藤,2026-09-28
4,free,13,top,top マーカーを正常に計測できていない,加藤,2026-09-28
4,free,15,top,top マーカーを正常に計測できていない,加藤,2026-09-28
4,simple,2,top,top マーカーを正常に計測できていない,加藤,2026-09-28
4,simple,3,top,top マーカーを正常に計測できていない,加藤,2026-09-28
4,simple,6,top,top マーカーを正常に計測できていない,加藤,2026-09-28
4,simple,8,top,top マーカーを正常に計測できていない,加藤,2026-09-28
4,simple,9,top,top マーカーを正常に計測できていない,加藤,2026-09-28
4,simple,10,top,top マーカーを正常に計測できていない,加藤,2026-09-28
4,simple,11,top,top マーカーを正常に計測できていない,加藤,2026-09-28
4,simple,12,top,top マーカーを正常に計測できていない,加藤,2026-09-28
4,simple,15,top,top マーカーを正常に計測できていない,加藤,2026-09-28
4,gonogo,4,top,top マーカーを正常に計測できていない,加藤,2026-09-28
4,gonogo,8,top,top マーカーを正常に計測できていない,加藤,2026-09-28
4,gonogo,12,top,top マーカーを正常に計測できていない,加藤,2026-09-28
4,gostop,7,top,top マーカーを正常に計測できていない,加藤,2026-09-28
4,gostop,8,top,top マーカーを正常に計測できていない,加藤,2026-09-28
4,gostop,9,top,top マーカーを正常に計測できていない,加藤,2026-09-28
