Subject,Condition,Trial,Target,Reason,Mark,Note
1,free,5,top,解析窓内に top の欠損（46 フレーム）,k,
1,free,7,top,解析窓内に top の欠損（59 フレーム）,k,
1,free,8,top,解析窓内に top の欠損（52 フレーム）,k,
1,free,9,top,解析窓内に top の欠損（53 フレーム）,k,
1,free,10,top,解析窓内に top の欠損（27 フレーム）,k,
1,free,11,RT,RT が生理的下限（150 ms）を下回る（138 ms）,,
1,free,11,top,解析窓内に top の欠損（23 フレーム）,k,
1,free,13,top,解析窓内に top の欠損（16 フレーム）,k,
1,simple,2,Fz,Fz のゼロ点ずれ（最小値 Fz1 -350 N / Fz2 1 N）,,
1,gonogo,1,Fz,Fz のゼロ点ずれ（最小値 Fz1 -725 N / Fz2 1 N）,exclude,Fz がマイナスに振れている（ゼロ点ずれ）
1,gonogo,3,all,onset 未検出（RTForce = NaN）,,
1,gonogo,5,top,解析窓内に top の欠損（11 フレーム）,k,
1,gonogo,7,top,解析窓内に top の欠損（50 フレーム）,k,
1,gonogo,10,top,解析窓内に top の欠損（14 フレーム）,k,
1,gonogo,12,top,解析窓内に top の欠損（11 フレーム）,k,
1,gostop,3,RT,RT が生理的下限（150 ms）を下回る（141 ms）,,
1,gostop,10,all,onset 未検出（RTForce = NaN）,,
2,free,2,Fz,Fz のゼロ点ずれ（最小値 Fz1 -463 N / Fz2 2 N）,exclude,Fz がマイナスに振れている（ゼロ点ずれ）
2,simple,13,Fz,Fz のゼロ点ずれ（最小値 Fz1 177 N / Fz2 -68 N）,,
2,gonogo,2,RT,RT が生理的下限（150 ms）を下回る（47 ms）,,
2,gonogo,7,RT,RT が生理的下限（150 ms）を下回る（112 ms）,,
2,gostop,2,Fz,Fz のゼロ点ずれ（最小値 Fz1 3 N / Fz2 -444 N）,exclude,Fz がマイナスに振れている（ゼロ点ずれ）
2,gostop,5,RT,RT が生理的下限（150 ms）を下回る（92 ms）,,
2,gostop,5,top,解析窓内に top の欠損（31 フレーム）,k,
2,gostop,11,top,解析窓内に top の欠損（1 フレーム）,k,
2,gostop,14,top,解析窓内に top の欠損（18 フレーム）,k,
3,free,1,top,解析窓内に top の欠損（12 フレーム）,k,
3,free,3,top,解析窓内に top の欠損（33 フレーム）,,
3,free,4,top,解析窓内に top の欠損（24 フレーム）,,
3,free,6,all,onset 未検出（RTForce = NaN）,,
3,free,7,top,解析窓内に top の欠損（34 フレーム）,,
3,free,8,top,解析窓内に top の欠損（27 フレーム）,,
3,free,9,top,解析窓内に top の欠損（22 フレーム）,k,
3,free,10,top,解析窓内に top の欠損（38 フレーム）,,
3,free,11,top,解析窓内に top の欠損（20 フレーム）,,
3,free,13,RT,RT が生理的下限（150 ms）を下回る（91 ms）,,
3,free,14,RT,RT が生理的下限（150 ms）を下回る（102 ms）,,
3,free,15,top,解析窓内に top の欠損（40 フレーム）,,
3,simple,1,top,解析窓内に top の欠損（14 フレーム）,k,
3,simple,2,all,onset 未検出（RTForce = NaN）,,
3,simple,3,top,解析窓内に top の欠損（21 フレーム）,,
3,simple,4,top,解析窓内に top の欠損（20 フレーム）,k,
3,simple,4,Fz,Fz のゼロ点ずれ（最小値 Fz1 -443 N / Fz2 3 N）,exclude,Fz がマイナスに振れている（ゼロ点ずれ）
3,simple,5,Fz,Fz のゼロ点ずれ（最小値 Fz1 -470 N / Fz2 2 N）,exclude,Fz がマイナスに振れている（ゼロ点ずれ）
3,simple,6,top,解析窓内に top の欠損（35 フレーム）,,
3,simple,6,Fz,Fz のゼロ点ずれ（最小値 Fz1 -342 N / Fz2 2 N）,exclude,Fz がマイナスに振れている（ゼロ点ずれ）
3,simple,7,RT,RT が生理的下限（150 ms）を下回る（130 ms）,,
3,simple,8,top,解析窓内に top の欠損（16 フレーム）,k,
3,simple,8,Fz,Fz のゼロ点ずれ（最小値 Fz1 -401 N / Fz2 -32 N）,exclude,Fz がマイナスに振れている（ゼロ点ずれ）
3,simple,10,top,解析窓内に top の欠損（24 フレーム）,k,
3,simple,10,Fz,Fz のゼロ点ずれ（最小値 Fz1 -281 N / Fz2 2 N）,,
3,simple,11,all,onset 未検出（RTForce = NaN）,,
3,simple,12,top,解析窓内に top の欠損（29 フレーム）,,
3,simple,12,Fz,Fz のゼロ点ずれ（最小値 Fz1 -165 N / Fz2 2 N）,exclude,Fz がマイナスに振れている（ゼロ点ずれ）
3,simple,13,top,解析窓内に top の欠損（14 フレーム）,k,
3,simple,15,all,onset 未検出（RTForce = NaN）,,
3,gonogo,1,all,onset 未検出（RTForce = NaN）,,
3,gonogo,4,top,解析窓内に top の欠損（29 フレーム）,,
3,gonogo,7,top,解析窓内に top の欠損（25 フレーム）,k,
3,gonogo,12,top,解析窓内に top の欠損（17 フレーム）,,
3,gonogo,14,all,onset 未検出（RTForce = NaN）,,
3,gostop,4,all,onset 未検出（RTForce = NaN）,,
3,gostop,6,all,onset 未検出（RTForce = NaN）,,
3,gostop,8,all,onset 未検出（RTForce = NaN）,,
3,gostop,9,all,onset 未検出（RTForce = NaN）,,
3,gostop,11,top,解析窓内に top の欠損（32 フレーム）,,
3,gostop,12,top,解析窓内に top の欠損（19 フレーム）,,
3,gostop,14,top,解析窓内に top の欠損（29 フレーム）,,
4,free,1,top,解析窓内に top の欠損（17 フレーム）,k,
4,free,2,top,解析窓内に top の欠損（34 フレーム）,k,
4,free,3,top,解析窓内に top の欠損（86 フレーム）,,
4,free,4,top,解析窓内に top の欠損（29 フレーム）,k,
4,free,5,top,解析窓内に top の欠損（11 フレーム）,,
4,free,6,top,解析窓内に top の欠損（37 フレーム）,,
4,free,7,top,解析窓内に top の欠損（11 フレーム）,k,
4,free,8,top,解析窓内に top の欠損（24 フレーム）,,
4,free,11,top,解析窓内に top の欠損（32 フレーム）,,
4,free,12,top,解析窓内に top の欠損（35 フレーム）,,
4,free,13,top,解析窓内に top の欠損（42 フレーム）,,
4,free,14,top,解析窓内に top の欠損（46 フレーム）,k,
4,free,15,top,解析窓内に top の欠損（28 フレーム）,,
4,simple,1,top,解析窓内に top の欠損（13 フレーム）,,
4,simple,3,RT,RT が生理的下限（150 ms）を下回る（28 ms）,,
4,simple,3,top,解析窓内に top の欠損（135 フレーム）,,
4,simple,4,top,解析窓内に top の欠損（12 フレーム）,,
4,simple,5,top,解析窓内に top の欠損（76 フレーム）,,
4,simple,6,top,解析窓内に top の欠損（27 フレーム）,,
4,simple,7,all,onset 未検出（RTForce = NaN）,,
4,simple,8,top,解析窓内に top の欠損（23 フレーム）,k,
4,simple,9,top,解析窓内に top の欠損（81 フレーム）,k,
4,simple,10,top,解析窓内に top の欠損（31 フレーム）,,
4,simple,11,top,解析窓内に top の欠損（120 フレーム）,,
4,simple,12,top,解析窓内に top の欠損（46 フレーム）,,
4,simple,13,top,解析窓内に top の欠損（33 フレーム）,k,
4,simple,14,top,解析窓内に top の欠損（84 フレーム）,k,
4,simple,15,top,解析窓内に top の欠損（32 フレーム）,,
4,gonogo,2,top,解析窓内に top の欠損（184 フレーム）,k,
4,gonogo,4,top,解析窓内に top の欠損（240 フレーム）,,
4,gonogo,6,top,解析窓内に top の欠損（53 フレーム）,k,
4,gonogo,8,top,解析窓内に top の欠損（19 フレーム）,,
4,gonogo,12,top,解析窓内に top の欠損（142 フレーム）,,
4,gonogo,13,all,onset 未検出（RTForce = NaN）,,
4,gonogo,14,top,解析窓内に top の欠損（12 フレーム）,k,
4,gostop,2,top,解析窓内に top の欠損（36 フレーム）,k,
4,gostop,3,top,解析窓内に top の欠損（34 フレーム）,k,
4,gostop,5,top,解析窓内に top の欠損（62 フレーム）,k,
4,gostop,6,top,解析窓内に top の欠損（102 フレーム）,k,
4,gostop,7,top,解析窓内に top の欠損（78 フレーム）,,
4,gostop,8,top,解析窓内に top の欠損（24 フレーム）,k,
4,gostop,9,top,解析窓内に top の欠損（22 フレーム）,,
5,simple,1,all,onset 未検出（RTForce = NaN）,,
5,simple,2,all,onset 未検出（RTForce = NaN）,,
5,simple,3,all,onset 未検出（RTForce = NaN）,,
5,simple,8,all,onset 未検出（RTForce = NaN）,,
5,simple,9,RT,RT が生理的下限（150 ms）を下回る（60 ms）,,
5,simple,11,all,onset 未検出（RTForce = NaN）,,
5,gonogo,10,RT,RT が生理的下限（150 ms）を下回る（119 ms）,,
5,gostop,3,all,onset 未検出（RTForce = NaN）,,
5,gostop,8,all,onset 未検出（RTForce = NaN）,,
5,gostop,13,all,onset 未検出（RTForce = NaN）,,
6,gostop,3,RT,RT が生理的下限（150 ms）を下回る（129 ms）,,
6,gostop,8,all,onset 未検出（RTForce = NaN）,,
7,simple,2,all,onset 未検出（RTForce = NaN）,,
7,simple,4,RT,RT が生理的下限（150 ms）を下回る（141 ms）,,
7,simple,6,RT,RT が生理的下限（150 ms）を下回る（146 ms）,,
7,simple,8,all,onset 未検出（RTForce = NaN）,,
7,simple,12,RT,RT が生理的下限（150 ms）を下回る（146 ms）,,
7,simple,15,RT,RT が生理的下限（150 ms）を下回る（38 ms）,,
8,gostop,14,all,onset 未検出（RTForce = NaN）,,
9,free,3,Fz,Fz のゼロ点ずれ（最小値 Fz1 107 N / Fz2 -279 N）,,
9,simple,9,Fz,Fz のゼロ点ずれ（最小値 Fz1 46 N / Fz2 -601 N）,,
9,simple,13,RT,RT が生理的下限（150 ms）を下回る（75 ms）,,
9,simple,14,all,onset 未検出（RTForce = NaN）,,
9,gonogo,4,RT,RT が生理的下限（150 ms）を下回る（118 ms）,,
9,gostop,4,RT,RT が生理的下限（150 ms）を下回る（140 ms）,,
9,gostop,9,Fz,Fz のゼロ点ずれ（最小値 Fz1 -789 N / Fz2 -613 N）,,
9,gostop,15,all,onset 未検出（RTForce = NaN）,,
10,free,6,RT,RT が生理的下限（150 ms）を下回る（147 ms）,,
10,free,8,RT,RT が生理的下限（150 ms）を下回る（146 ms）,,
10,free,9,RT,RT が生理的下限（150 ms）を下回る（146 ms）,,
10,free,12,RT,RT が生理的下限（150 ms）を下回る（148 ms）,,
10,simple,9,all,onset 未検出（RTForce = NaN）,,
10,simple,10,all,onset 未検出（RTForce = NaN）,,
10,simple,11,all,onset 未検出（RTForce = NaN）,,
10,simple,12,RT,RT が生理的下限（150 ms）を下回る（41 ms）,,
10,gonogo,4,RT,RT が生理的下限（150 ms）を下回る（77 ms）,,
10,gonogo,6,RT,RT が生理的下限（150 ms）を下回る（135 ms）,,
10,gonogo,13,RT,RT が生理的下限（150 ms）を下回る（109 ms）,,
10,gostop,13,Fz,Fz のゼロ点ずれ（最小値 Fz1 -390 N / Fz2 2 N）,,
4,simple,2,top,,exclude,目視で top を除外
7,gostop,4,all,,exclude,ミス試行（Go でスイングを止めた。Peak 9.6 m/s）
