Subject,Condition,nGoTrial,RTForce_ms,n_RTForce_ms,PeakVelTop,n_PeakVelTop,PeakVelTopX,n_PeakVelTopX,PeakFz1_BW,n_PeakFz1_BW,PeakFz2_BW,n_PeakFz2_BW
1,free,13,327.583333333333,12,32.0674410535727,13,30.3595875893725,13,1.08452284658902,13,1.45967670751624,13
1,simple,15,193.466666666667,15,32.5220319294585,15,31.4242509593487,15,1.02581676144116,14,1.2718010238594,14
1,gonogo,10,203.555555555556,9,32.0911293430642,9,30.8124001011928,9,1.01269575759842,8,1.26215030424775,8
1,gostop,10,201.75,8,32.7053303617358,9,31.5909911301623,9,1.02778526308984,9,1.50697491686385,9
2,free,15,311.866666666667,15,34.4114083070998,15,32.947242581605,15,1.02849529821668,14,1.50349472298854,14
2,simple,15,215.333333333333,15,33.6582915928913,15,32.5479526624764,15,1.05638869928936,14,1.19814367066346,14
2,gonogo,10,225.125,8,34.6922726009197,10,33.4489644481734,10,1.03937680013737,10,1.35618718917627,10
2,gostop,10,235,9,34.3018916083848,10,32.9603287723205,10,1.0416945129717,9,1.36079809978548,9
3,free,15,267,12,31.2921868371867,7,30.2539017537862,7,1.00326470888472,14,1.43014577893745,14
3,simple,15,239.272727272727,11,30.7751320010677,9,29.9534574801556,9,1.01331724308929,6,1.30312880648678,6
3,gonogo,10,190.5,8,30.903397742212,6,30.5282011046746,6,1.00629957887648,8,1.33203132858212,8
3,gostop,10,290.833333333333,6,30.6289530526655,3,30.2296567532012,3,1.01540229957144,6,1.37070920891182,6
4,free,15,332.066666666667,15,32.178986516619,7,28.7438630480982,7,1.03679794667228,15,1.50607958631206,15
4,simple,15,178.076923076923,13,31.0886492374807,4,27.446744139414,4,1.02610685324452,14,1.4389391484333,14
4,gonogo,10,179.666666666667,9,33.229266455181,6,31.6661059346431,6,1.02351598373824,9,1.42391367430378,9
4,gostop,10,227.4,10,32.9123339107555,8,31.4476055625067,8,1.03239997111397,10,1.38752526494374,10
5,free,15,253.533333333333,15,27.6491150807367,15,27.0621567335973,15,1.02059531236138,15,1.23959752314307,15
5,simple,15,193.111111111111,9,27.7026685891131,10,27.167334941411,10,1.05298259726225,10,1.21512190075842,10
5,gonogo,10,209.333333333333,9,27.3311825889593,10,26.7721472900385,10,1.05717761906102,10,1.1433206501311,10
5,gostop,9,213,6,27.3404873125571,6,26.9206383364686,6,1.04240535459621,6,1.11309106436517,6
6,free,15,517.4,15,34.0194850190023,15,33.1581740212197,15,1.04892546692681,15,1.4119220276581,15
6,simple,15,214.266666666667,15,33.7405777881585,15,32.92648197358,15,1.03932956015133,15,1.33797431067195,15
6,gonogo,10,247.2,10,33.8372574766838,10,33.0640713268147,10,1.10695925227481,10,1.29798206584991,10
6,gostop,10,249.625,8,33.9780967914927,9,33.4146350566685,9,1.15300274362004,9,1.32619253880894,9
7,free,15,433.133333333333,15,30.4013779394399,15,29.325871884716,15,1.03274256711094,15,1.26023696354325,15
7,simple,15,176,9,31.189485592439,13,30.1295802242894,13,1.03475844534351,13,1.33998522719504,13
7,gonogo,13,213.076923076923,13,31.1278231659854,13,29.9837475170135,13,1.04161831495328,13,1.33359135647244,13
7,gostop,10,227.777777777778,9,31.8243925117954,9,30.6984683305849,9,1.04180191146904,9,1.32951053380356,9
8,free,15,257.933333333333,15,31.9318338397778,15,31.4570036436482,15,1.03272821320355,15,1.19494875226976,15
8,simple,15,248.8,15,30.8892766666285,15,30.2601349868794,15,1.06004787666089,15,1.03574096899651,15
8,gonogo,10,261,10,30.8852312887975,10,30.3472115649626,10,1.05562730319663,10,1.07250645230774,10
8,gostop,10,274.333333333333,9,31.6888376120617,9,31.2699042746727,9,1.09424670023034,9,1.05692320895807,9
9,free,15,264.533333333333,15,33.4460828766217,15,32.0939464454502,15,1.07794631236743,14,1.06775702059137,14
9,simple,15,201.846153846154,13,33.4486053148431,14,32.0650860280041,14,1.04434092048651,13,1.06266115056573,13
9,gonogo,10,223,9,33.0904005756115,10,31.8439869918928,10,1.07973954263015,10,1.05947679135887,10
9,gostop,10,261,8,33.8489042316481,9,32.7178430701209,9,1.08231614736288,8,1.09606218784871,8
10,free,15,204.636363636364,11,28.560841090781,15,26.1270134599828,15,1.01984873646977,15,1.20087201995969,15
10,simple,15,191.636363636364,11,29.281631659516,12,27.0657393487646,12,1.06249737733681,12,1.13497223306927,12
10,gonogo,10,164.714285714286,7,29.4803691078372,10,27.1972571553315,10,1.02658467811576,10,1.17581154839855,10
10,gostop,10,261.1,10,29.1273911572322,10,27.0832662289293,10,1.02636685137841,9,1.21187135862567,9
