Subject,RTForce_ms_free,RTForce_ms_simple,RTForce_ms_gonogo,RTForce_ms_gostop,PeakVelTop_free,PeakVelTop_simple,PeakVelTop_gonogo,PeakVelTop_gostop,PeakVelTopX_free,PeakVelTopX_simple,PeakVelTopX_gonogo,PeakVelTopX_gostop,PeakFz1_BW_free,PeakFz1_BW_simple,PeakFz1_BW_gonogo,PeakFz1_BW_gostop,PeakFz2_BW_free,PeakFz2_BW_simple,PeakFz2_BW_gonogo,PeakFz2_BW_gostop
1,327.583333333333,193.466666666667,203.555555555556,201.75,32.0674410535727,32.5220319294585,32.0911293430642,32.7053303617358,30.3595875893725,31.4242509593487,30.8124001011928,31.5909911301623,1.08452284658902,1.02581676144116,1.01269575759842,1.02778526308984,1.45967670751624,1.2718010238594,1.26215030424775,1.50697491686385
2,311.866666666667,215.333333333333,225.125,235,34.4114083070998,33.6582915928913,34.6922726009197,34.3018916083848,32.947242581605,32.5479526624764,33.4489644481734,32.9603287723205,1.02849529821668,1.05638869928936,1.03937680013737,1.0416945129717,1.50349472298854,1.19814367066346,1.35618718917627,1.36079809978548
3,267,239.272727272727,190.5,290.833333333333,31.2921868371867,30.7751320010677,30.903397742212,30.6289530526655,30.2539017537862,29.9534574801556,30.5282011046746,30.2296567532012,1.00326470888472,1.01331724308929,1.00629957887648,1.01540229957144,1.43014577893745,1.30312880648678,1.33203132858212,1.37070920891182
4,332.066666666667,178.076923076923,179.666666666667,227.4,32.178986516619,31.0886492374807,33.229266455181,32.9123339107555,28.7438630480982,27.446744139414,31.6661059346431,31.4476055625067,1.03679794667228,1.02610685324452,1.02351598373824,1.03239997111397,1.50607958631206,1.4389391484333,1.42391367430378,1.38752526494374
5,253.533333333333,193.111111111111,209.333333333333,213,27.6491150807367,27.7026685891131,27.3311825889593,27.3404873125571,27.0621567335973,27.167334941411,26.7721472900385,26.9206383364686,1.02059531236138,1.05298259726225,1.05717761906102,1.04240535459621,1.23959752314307,1.21512190075842,1.1433206501311,1.11309106436517
6,517.4,214.266666666667,247.2,249.625,34.0194850190023,33.7405777881585,33.8372574766838,33.9780967914927,33.1581740212197,32.92648197358,33.0640713268147,33.4146350566685,1.04892546692681,1.03932956015133,1.10695925227481,1.15300274362004,1.4119220276581,1.33797431067195,1.29798206584991,1.32619253880894
7,433.133333333333,176,213.076923076923,227.777777777778,30.4013779394399,31.189485592439,31.1278231659854,31.8243925117954,29.325871884716,30.1295802242894,29.9837475170135,30.6984683305849,1.03274256711094,1.03475844534351,1.04161831495328,1.04180191146904,1.26023696354325,1.33998522719504,1.33359135647244,1.32951053380356
8,257.933333333333,248.8,261,274.333333333333,31.9318338397778,30.8892766666285,30.8852312887975,31.6888376120617,31.4570036436482,30.2601349868794,30.3472115649626,31.2699042746727,1.03272821320355,1.06004787666089,1.05562730319663,1.09424670023034,1.19494875226976,1.03574096899651,1.07250645230774,1.05692320895807
9,264.533333333333,201.846153846154,223,261,33.4460828766217,33.4486053148431,33.0904005756115,33.8489042316481,32.0939464454502,32.0650860280041,31.8439869918928,32.7178430701209,1.07794631236743,1.04434092048651,1.07973954263015,1.08231614736288,1.06775702059137,1.06266115056573,1.05947679135887,1.09606218784871
10,204.636363636364,191.636363636364,164.714285714286,261.1,28.560841090781,29.281631659516,29.4803691078372,29.1273911572322,26.1270134599828,27.0657393487646,27.1972571553315,27.0832662289293,1.01984873646977,1.06249737733681,1.02658467811576,1.02636685137841,1.20087201995969,1.13497223306927,1.17581154839855,1.21187135862567
